empresa,total_menciones,sentimiento_promedio
Nike,192,-0.0060125000000000005
Binance,179,0.09206815642458101
Coinbase,178,-0.014807865168539325
Apple,174,-0.01997528735632184
Nvidia,173,-0.02821791907514451
Meta,166,-0.019354819277108432
Tesla,138,-0.011840579710144928
